,a,e,f,i,j,o,p,u,w,total,综合得分,a  排名,e  排名,f  排名,i  排名,j  排名,o  排名,p  排名,u  排名,w  排名,total  排名,综合得分排名
0,1.8704210074388703,3.682147217510232,2.0501528110332607,1.2535902963022068,2.643345929565771,2.4154258776263644,0.8285494562304281,1.9671816002649885,2.2783619945754947,4.0767400063628525,23.06591619691047,3.0,1.0,1.5,4.0,2.5,2.0,4.0,3.0,2.5,2.0,2.0
1,2.014299546472629,0.0,1.5376146082749458,2.8205781666799656,6.0076043853767525,1.610283918417576,3.3141978249217123,0.0,1.3670171967452969,8.66307251352106,27.334668160409937,2.0,5.0,3.5,1.0,1.0,3.0,1.5,5.0,4.0,1.0,1.0
2,2.302056624540148,2.630105155364451,1.5376146082749458,0.0,2.643345929565771,0.0,0.0,1.180308960158993,6.3794135848113855,0.0,16.672844862715696,1.0,2.0,3.5,5.0,2.5,5.0,5.0,4.0,1.0,5.0,4.0
3,0.0,1.0520420621457804,0.0,2.7161123086547816,0.9612167016602804,1.34190326534798,3.3141978249217123,2.360617920317986,2.2783619945754947,1.0191850015907131,15.043637079214728,5.0,4.0,5.0,2.0,4.0,4.0,1.5,2.0,2.5,4.0,5.0
4,1.294906851303833,2.104084124291561,2.0501528110332607,1.6714537284029427,0.0,2.952187183765556,2.4856483686912845,3.540926880476979,0.0,1.7835737527837476,17.882933700749167,4.0,3.0,1.5,3.0,5.0,1.0,3.0,1.0,5.0,3.0,3.0
